idx,language,subject,body,prob_sub,prob_statement,cause,intent,ticket_type_nli,entities,action_taken,urgency
0,en,Detected Unauthorized Access to Hospital System Following Phishing Incident,"There was an unauthorized access attempt on the hospital's system, triggered by a phishing incident. Security protocols have been activated, and user access logs have been audited.","There was an unauthorized access attempt on the hospital's system, triggered by a phishing incident.","There was an unauthorized access attempt on the hospital's system, triggered by a phishing incident.","There was an unauthorized access attempt on the hospital's system, triggered by a phishing incident.",general_inquiry,complaint,"Detected, Unauthorized, Access, Hospital, System, Following, Phishing, Incident, Security","Security protocols have been activated, and user access logs have been audited.",critical
1,de,Klage über geringe Beteiligung an digitalen Strategien für Markenwachstum bei Markenagentur,"Markenagentur beklagt sich über geringe Beteiligung an digitalen Strategien für Markenwachstum. Unscheinbares Zielgruppenmarketing und unangebracht Inhalte könnten Ursache sein. Kampagnenmetriken wurden analysiert, Social-Media-Veröffentlichungszeiten angepasst, jedoch keine signifikanten Verbesserungen beobachtet. Weitere Analyse erforderlich, um Ursache zu identifizieren und effektive Lösungen umzusetzen.",Unscheinbares Zielgruppenmarketing und unangebracht Inhalte könnten Ursache sein.,Unscheinbares Zielgruppenmarketing und unangebracht Inhalte könnten Ursache sein.,"Weitere Analyse erforderlich, um Ursache zu identifizieren und effektive Lösungen umzusetzen.",general_inquiry,complaint,"Social-Media, Klage, Beteiligung, Strategien, Markenwachstum, Markenagentur, Unscheinbares, Zielgruppenmarketing, Inhalte, Ursache","Weitere Analyse erforderlich, um Ursache zu identifizieren und effektive Lösungen umzusetzen.",low
2,en,Report Security Breach Incident,"A customer has reported a potential security breach affecting medical data in hospital systems. There is a possibility of a malware intrusion attempt. Attempts to restart systems and run antivirus scans have been unsuccessful, and the issue continues to persist. Immediate assistance is needed to resolve the matter.",A customer has reported a potential security breach affecting medical data in hospital systems.,A customer has reported a potential security breach affecting medical data in hospital systems.,There is a possibility of a malware intrusion attempt.,general_inquiry,complaint,"Report, Security, Breach, Incident, Attempts","Attempts to restart systems and run antivirus scans have been unsuccessful, and the issue continues to persist.",critical
3,en,Query Concerning Cubase Software,"Hello Support Team, I am interested in learning about the potential applications of Cubase software for investment analytics. Could you provide detailed specifications and integration options? I would like to know more about how it can be used for analyzing and visualizing data, as well as any potential customization options available. Additionally, could you provide information on its compatibility with various systems and available tutorials and support resources? Your timely assistance is greatly appreciated, and I look forward to hearing back soon. Thank you.","Your timely assistance is greatly appreciated, and I look forward to hearing back soon.","Additionally, could you provide information on its compatibility with various systems and available tutorials and support resources?","Additionally, could you provide information on its compatibility with various systems and available tutorials and support resources?",general_inquiry,product_support,"Query, Concerning, Cubase, Software, Support, Team","Your timely assistance is greatly appreciated, and I look forward to hearing back soon.",medium
4,en,Request for Assistance with Digital Brand Expansion Strategies,"Customer Support, I am seeking information on strategies for growing a digital brand through your services. Could you please share detailed case studies showcasing successful campaigns that utilized specific tools to boost brand visibility and engagement? I am particularly interested in learning about the methods and techniques employed to achieve substantial growth in the digital space. Additionally, I would appreciate any information on the metrics used to evaluate the success of these campaigns. I look forward to your response.",Could you please share detailed case studies showcasing successful campaigns that utilized specific tools to boost brand visibility and engagement?,"Additionally, I would appreciate any information on the metrics used to evaluate the success of these campaigns.",Could you please share detailed case studies showcasing successful campaigns that utilized specific tools to boost brand visibility and engagement?,general_inquiry,product_support,"Request, Assistance, Digital, Brand, Expansion, Strategies, Customer, Support","Additionally, I would appreciate any information on the metrics used to evaluate the success of these campaigns.",low
5,de,Support for GIMP Required,Could you provide guidelines on optimizing GIMP for data analysis in the investment sector? Thank you!,Could you provide guidelines on optimizing GIMP for data analysis in the investment sector?,Could you provide guidelines on optimizing GIMP for data analysis in the investment sector?,Could you provide guidelines on optimizing GIMP for data analysis in the investment sector?,general_inquiry,product_support,"GIMP, Support, Required",Could you provide guidelines on optimizing GIMP for data analysis in the investment sector?,low
6,de,Medizinische Dateneingabe Ausfall,"Sehr geehrte Kundenservice, ich schreibe Ihnen, um einen unerwarteten Fehler in unserem medizinischen Datenaufgabensystem zu melden, der letzte Nacht vorgekommen ist. Das System, das für die Sicherung vertraulicher Patientendaten crucial ist, funktionierte nicht mehr optimal. Ich schätze, es könnte auf unkompatible Softwareaktualisierungen oder Konflikte während der Nacht zurückzuführen sein. Ich habe das System neu gestartet, die Aktualisierungsprotokolle geprüft, und die Firewall-Einstellungen überprüft, sicherzustellen, dass diese korrekt eingerichtet sind. Trotz dieser Maßnahmen ist das Verschlüsselungssystem weiterhin ausgefallen, und ich bin besorgt um die Datenverschleierung. Ich würde es schätzen, wenn Sie mir helfen könnten, dieses Problem so schnell wie möglich zu beheben, um weitere Ausfälle zu verhindern. Bitte geben Sie mir Bescheid, wenn es weitere Schritte für mich gibt, die ich ergreifen kann oder wenn Sie weitere Informationen benötigen. Ich danke Ihnen im Voraus für Ihre Unterstützung bei dieser Angelegenheit.","Kundenservice, ich schreibe Ihnen, um einen unerwarteten Fehler in unserem medizinischen Datenaufgabensystem zu melden, der letzte Nacht vorgekommen ist.","Das System, das für die Sicherung vertraulicher Patientendaten crucial ist, funktionierte nicht mehr optimal.","Ich schätze, es könnte auf unkompatible Softwareaktualisierungen oder Konflikte während der Nacht zurückzuführen sein.",service_outage,complaint,"Firewall-Einstellungen, Medizinische, Dateneingabe, Ausfall, Kundenservice, Fehler, Datenaufgabensystem, Nacht, System, Sicherung","Ich habe das System neu gestartet, die Aktualisierungsprotokolle geprüft, und die Firewall-Einstellungen überprüft, sicherzustellen, dass diese korrekt eingerichtet sind.",high
7,de,Unerwarteter Absturz der digitalen Werkzeuge in der Marketingagentur heute,"Die digitalen Werkzeuge unserer Marketingagentur sind unerwartet abgestürzt, wahrscheinlich aufgrund einer Serverüberlastung. Alle Neustartversuche waren erfolglos, das Problem wurde jedoch behoben. Es kam zu erheblichen Störungen im Betrieb, da wichtige Systeme betroffen sind und auf kritische Daten zugegriffen wird. Wir benötigen dringend Unterstützung, um das Problem so schnell wie möglich zu lösen. Bitte teilen Sie uns eine geschätzte Zeit für die Behebung mit. Wir schätzen Ihre schnelle Aufmerksamkeit für dieses Anliegen und freuen uns auf eine baldige Rückmeldung. Da die Produktivität und Effizienz der Agentur stark von den digitalen Werkzeugen abhängen, ist ein weiterer Ausfall äußerst problematisch.","Es kam zu erheblichen Störungen im Betrieb, da wichtige Systeme betroffen sind und auf kritische Daten zugegriffen wird.","Es kam zu erheblichen Störungen im Betrieb, da wichtige Systeme betroffen sind und auf kritische Daten zugegriffen wird.","Es kam zu erheblichen Störungen im Betrieb, da wichtige Systeme betroffen sind und auf kritische Daten zugegriffen wird.",service_outage,complaint,"Unerwarteter, Absturz, Werkzeuge, Marketingagentur, Neustartversuche, Problem, Betrieb, Systeme, Daten, Zeit","Alle Neustartversuche waren erfolglos, das Problem wurde jedoch behoben.",critical
8,en,Report on Software Crash Issue,"Hello Customer Support, I am contacting you to report a recent crash of our data analytics software. After our investigation, we found that the crash was due to incompatible updates. Despite our efforts to restart the systems and verify the drivers, the problem still persists. This crash happened during a crucial project, causing substantial delays. We would greatly appreciate your immediate assistance to address this issue. Please let us know what further steps we can take to resolve it. We are ready to supply any additional information or support needed. We thank you for your quick action and eagerly await your response. Best regards.","Customer Support, I am contacting you to report a recent crash of our data analytics software.","After our investigation, we found that the crash was due to incompatible updates.","This crash happened during a crucial project, causing substantial delays.",performance_issue,complaint,"Report, Software, Crash, Issue, Customer, Support","Despite our efforts to restart the systems and verify the drivers, the problem still persists.",high
9,de,Ver appréhender l'augmentation inattendue des métriques de la campagne numérique,"Chère équipe de service client, je vous écris pour attirer votre attention sur une augmentation inattendue de 20% des métriques de notre campagne numérique. Des facteurs potentiels pourraient être des changements d'algorithme ou une lassitude publicitaire. Malgré nos efforts pour ajuster la cible et rotuer les éléments publicitaires, le problème persiste. Nous vous serions reconnaissants si vous étiez en mesure de vous pencher sur cette question et de nous proposer une solution aussi rapidement que possible.","Malgré nos efforts pour ajuster la cible et rotuer les éléments publicitaires, le problème persiste.","Malgré nos efforts pour ajuster la cible et rotuer les éléments publicitaires, le problème persiste.",Des facteurs potentiels pourraient être des changements d'algorithme ou une lassitude publicitaire.,performance_issue,complaint,Nous,"Malgré nos efforts pour ajuster la cible et rotuer les éléments publicitaires, le problème persiste.",medium
10,en,Payment Billing Details,"Dear Customer Support,\n\nI am reaching out to request a detailed statement of billing payments for my recent acquisitions of hardware and software, including peripheral devices and computers. These items are intended for healthcare procurement, and I require a full invoice breakdown to ensure proper accounting and compliance with internal procedures. Moreover, please include the payment instructions and any applicable terms and conditions associated with these purchases. Your prompt assistance would be highly valued to facilitate swift processing.\n\nThank you.","These items are intended for healthcare procurement, and I require a full invoice breakdown to ensure proper accounting and compliance with internal procedures.","These items are intended for healthcare procurement, and I require a full invoice breakdown to ensure proper accounting and compliance with internal procedures.","These items are intended for healthcare procurement, and I require a full invoice breakdown to ensure proper accounting and compliance with internal procedures.",billing_issue,product_support,"Payment, Billing, Details, Customer, Support","These items are intended for healthcare procurement, and I require a full invoice breakdown to ensure proper accounting and compliance with internal procedures.",critical
